<?xml version="1.0" encoding="UTF-8" standalone="yes"?>
<addon id="plugin.video.kodzi" version="1.0.2" name="KodzI" provider-name="Mr. Kodz">
  <requires>
    <import addon="xbmc.python" version="2.14.0"/>
    <import addon="script.module.requests" version="2.12.4"/>
  </requires>
  <extension point="xbmc.python.pluginsource" library="main.py">
    <provides>video executable</provides>
  </extension>
  <extension point="xbmc.addon.metadata">
    <summary lang="en">Mr. Kodz Installer for Kodi</summary>
    <description lang="en">An alternative installer for Kodi</description>
    <disclaimer lang="en">Use at own discretion.</disclaimer>
  </extension>
</addon>
